<?xml version="1.0" encoding="UTF-8" standalone="yes"?>
<addon id="plugin.video.atlas" name="ATLAS" version="0.1.8" provider-name="NP">  
	<requires>
		<import addon="xbmc.python" version="2.24.0"/>    
		<import addon="script.module.urlresolver" version="2.2.0"/>
		<import addon="script.module.t0mm0.common" version="2.1.1"/>
		<import addon="script.module.beautifulsoup"/>
		<import addon="script.module.simple.downloader" version="1.9.5"/>
		<import addon="script.module.httplib2" />
		<import addon="script.module.youtube.dl" optional="true"/>
		<import addon="plugin.video.youtube" version="3.0.0"/>
		<import addon="script.module.simplejson" /> 
		<import addon="script.common.plugin.cache" version="2.5.5"/>
    </requires>  
	<extension point="xbmc.python.pluginsource" library="atlas.py">        
		<provides>video</provides>  
	</extension>  
	<extension point="xbmc.addon.metadata">
        <summary lang="en">ΑΤΛΑΣ ΕΛΛΗΝΙΚΟ ΠΡΟΣΘΕΤΟ</summary>
        <description lang="en">ΤΑΙΝΕΣ ΚΑΙ ΣΕΙΡΕΣ ΜΕ ΥΠOΤΙΤΛΟΥΣ-ΕΛΛΗΝΙΚΕΣ-ΠΑΙΔΙΚΑ-ΜΟΥΣΙΚΗ.O Άτλας ήταν η μυθική μορφή που κρατούσε στους ώμους του το θόλο του Ουρανού πάνω από τη Γη.</description>
        <disclaimer lang="en">Το πρόσθετο Atlas αποτελεί έναν κατάλογο αναζήτησης περιεχομένου από ελεύθερα διαθέσιμες ιστοσελίδες στο διαδίκτυο.Οι δημιουργοί του δεν φέρουν καμία ευθύνη για το περιεχόμενο και την αναπαραγωγή των ροών ως αποτέλεσμα της αναζήτησης.Οι δημιουργοί του πρόσθετου δεν φιλοξενούν, δεν αναπαράγουν ούτε έχουν καμία σχέση με τις ιστοσελίδες που παρέχουν το περιεχόμενο των ροών ως αποτελεσμα της αναζήτησης.</disclaimer>
        <summary lang="el">ΑΤΛΑΣ ΕΛΛΗΝΙΚΟ ΠΡΟΣΘΕΤΟ</summary>
        <description lang="el">ΤΑΙΝΕΣ ΚΑΙ ΣΕΙΡΕΣ ΜΕ ΥΠOΤΙΤΛΟΥΣ-ΕΛΛΗΝΙΚΕΣ-ΠΑΙΔΙΚΑ-ΜΟΥΣΙΚΗ.O Άτλας ήταν η μυθική μορφή που κρατούσε στους ώμους του το θόλο του Ουρανού πάνω από τη Γη.</description>
        <disclaimer lang="el">Το πρόσθετο Atlas αποτελεί έναν κατάλογο αναζήτησης περιεχομένου από ελεύθερα διαθέσιμες ιστοσελίδες στο διαδίκτυο.Οι δημιουργοί του δεν φέρουν καμία ευθύνη για το περιεχόμενο και την αναπαραγωγή των ροών ως αποτέλεσμα της αναζήτησης.Οι δημιουργοί του πρόσθετου δεν φιλοξενούν, δεν αναπαράγουν ούτε έχουν καμία σχέση με τις ιστοσελίδες που παρέχουν το περιεχόμενο των ροών ως αποτελεσμα της αναζήτησης.</disclaimer>
		<platform>all</platform> 
    </extension>
</addon>
